comment_id,article_id,user_id,comment_content,comment_writetime
1,4,17,안녕하세요,2021-08-19 11:54:12
2,4,18,좋아요 개추입니다,2021-08-19 16:28:17
3,4,18,string,2021-08-19 16:52:04
4,4,18,string,2021-08-19 16:52:15
5,4,18,string,2021-08-19 16:52:16
6,4,18,string,2021-08-19 16:52:16
7,4,18,string,2021-08-19 16:52:16
8,4,18,string,2021-08-19 16:52:16
9,4,18,string,2021-08-19 16:52:16
10,4,18,string,2021-08-19 16:52:16
11,4,18,string,2021-08-19 16:52:16
12,4,18,string,2021-08-19 16:52:16
13,4,18,string,2021-08-19 16:52:17
14,4,18,string,2021-08-19 16:52:17
15,4,18,string,2021-08-19 16:52:17
16,4,18,string,2021-08-19 16:52:17
17,4,18,string,2021-08-19 16:52:17
18,4,18,string,2021-08-19 16:52:17
19,4,18,string,2021-08-19 16:52:17
20,4,18,string,2021-08-19 16:52:18
21,4,18,string,2021-08-19 16:52:18
22,4,18,－O－ヾ(•ω•`)oヾ(•ω•`)o,2021-08-19 16:55:13
23,4,18,asdasdasd.,2021-08-19 17:07:56
24,4,18,asdasdasd,2021-08-19 17:08:00
25,4,18,asdasdasd,2021-08-19 17:10:07
26,4,18,(*3)*(3*(3),2021-08-19 17:10:33
27,4,18,asdasda,2021-08-19 17:10:40
28,4,18,"",2021-08-19 17:10:40
29,4,18,"",2021-08-19 17:10:41
30,4,18,"ㅁㅇㄴㅁㄴㅇㅁㄴㅇㅁㄴㅇ
",2021-08-19 17:47:58
31,4,18,"",2021-08-19 17:47:58
32,4,18,"ㅁㅇㅁㄴㅇㅁㄴㅇ
",2021-08-19 17:49:52
33,4,18,안녕히[여,2021-08-19 17:50:03
34,4,18,"안녕하세요
",2021-08-19 17:50:15
35,4,18,"활동을 많이 하셨네요
",2021-08-19 19:04:14
36,13,18,호랑나비,2021-08-19 21:47:51
37,13,18,"ㅁㄴ어ㅜㄴ머우
",2021-08-19 21:47:58
38,13,18,ㅁ너ㅜ엄누어ㅜ,2021-08-19 21:48:04
39,13,18,"한마리가
",2021-08-19 21:48:13
40,13,18,꽃밭에,2021-08-19 21:48:22
41,13,18,"앉았는데
",2021-08-19 21:48:45
42,9,25,안녕,2021-08-19 21:56:42
43,9,25,안녕,2021-08-19 21:57:26
44,9,26,안녕,2021-08-19 21:57:29
45,9,26,헬로,2021-08-19 21:57:36
46,10,25,dsfas,2021-08-19 22:07:32
47,37,18,asdasd,2021-08-19 23:49:02
48,37,18,asdasd,2021-08-19 23:49:13
49,37,18,zxczxc,2021-08-19 23:50:08
50,37,18,zxczxczx,2021-08-19 23:50:13
51,37,18,oh you so perfect,2021-08-19 23:51:26
52,37,18,"",2021-08-19 23:51:26
53,37,18,"",2021-08-19 23:51:38
54,37,18,"",2021-08-19 23:51:39
55,37,18,"",2021-08-19 23:51:39
56,37,18,"",2021-08-19 23:51:39
57,37,18,"",2021-08-19 23:51:40
58,37,18,"",2021-08-19 23:51:40
59,37,18,"",2021-08-19 23:51:40
60,37,18,"",2021-08-19 23:51:40
61,37,18,"",2021-08-19 23:51:41
62,37,18,"",2021-08-19 23:51:41
63,37,18,"",2021-08-19 23:51:42
64,37,18,"",2021-08-19 23:51:42
65,37,18,"",2021-08-19 23:51:42
66,37,18,"",2021-08-19 23:51:42
67,37,18,"",2021-08-19 23:51:42
68,37,18,"",2021-08-19 23:51:42
69,37,18,"",2021-08-19 23:51:43
70,37,18,"",2021-08-19 23:51:43
71,37,18,"",2021-08-19 23:51:43
72,36,18,zxczxczx,2021-08-19 23:52:44
73,36,18,zxczx,2021-08-19 23:52:45
74,36,18,zxc,2021-08-19 23:52:47
75,36,18,zxc,2021-08-19 23:52:48
76,36,18,xc,2021-08-19 23:52:50
77,36,18,xc,2021-08-19 23:52:51
78,36,18,cc,2021-08-19 23:52:52
79,36,18,zxczxc,2021-08-19 23:52:54
80,36,18,rt,2021-08-19 23:52:57
81,36,18,fd,2021-08-19 23:52:59
82,36,18,cvcv,2021-08-19 23:53:00
83,36,18,sfsf,2021-08-19 23:53:02
84,36,18,dfdf,2021-08-19 23:53:04
85,36,18,fgfg,2021-08-19 23:53:06
86,35,18,"안녕
",2021-08-19 23:53:25
87,35,18,"감사
",2021-08-19 23:53:29
88,35,18,"ㄴㅁㅇㅁㄴㅇ
",2021-08-19 23:54:23
89,35,18,"ㅊㅌㅊㅌ
",2021-08-19 23:54:26
90,35,18,"고마워
",2021-08-19 23:54:29
91,35,18,"ㄴ
",2021-08-19 23:54:32
92,35,18,"진심이야
",2021-08-19 23:54:43
93,35,18, ,2021-08-19 23:54:45
94,35,18,"안녕
",2021-08-19 23:54:48
95,35,18, ,2021-08-19 23:54:49
96,34,18,"명
",2021-08-20 00:00:09
97,34,18,"명
",2021-08-20 00:00:12
98,34,18,"ㄴㅇㄴㅇ
",2021-08-20 00:00:15
99,34,18,"나는
",2021-08-20 00:00:17
100,34,18, ,2021-08-20 00:00:23
101,33,18,"안녕
 ",2021-08-20 00:00:49
102,33,18, ,2021-08-20 00:00:52
103,33,18,"안녕하세요
 ",2021-08-20 00:00:58
104,33,18,안녕하세여,2021-08-20 00:25:03
105,33,18,"",2021-08-20 00:25:12
106,33,18,"",2021-08-20 00:25:15
107,33,18,감사합니다.,2021-08-20 00:25:21
108,33,18,"",2021-08-20 00:25:22
109,40,18,안녕하세요,2021-08-20 00:33:10
110,42,18,"안녕하세요




",2021-08-20 10:14:08
111,42,18,반갑습니다.,2021-08-20 10:14:16
112,42,18,그러시군요,2021-08-20 10:14:22
113,42,18,괜찮습니다.,2021-08-20 10:14:30
114,42,18,반가워요,2021-08-20 10:14:34
115,42,18,@김재현,2021-08-20 10:14:39
125,46,18," 그러게여 정말 좋군요






",2021-08-20 11:01:51
126,46,18,ㅎㅎ,2021-08-20 11:01:53
127,45,18,활기찬 하루 보내세요,2021-08-20 11:02:13
128,45,18,하루,2021-08-20 11:02:17
131,43,25,너무 재밌었습니다.,2021-08-20 11:19:19
